book_id,user_id,value
1,314,5
1,439,3
1,588,5
1,1169,4
1,1185,4
1,2077,4
1,2487,4
1,2900,5
1,3662,4
1,3922,5
1,5379,5
1,5461,3
1,5885,5
1,6630,5
1,7563,3
1,9246,1
1,10140,4
1,10146,5
1,10246,4
1,10335,4
1,10610,5
1,10944,5
1,11854,4
1,11927,4
1,12471,5
1,13282,5
1,13544,5
1,15494,5
1,16377,4
1,16913,5
1,17434,5
1,17663,5
1,17984,5
1,18031,5
1,18313,5
1,18361,4
1,20076,3
1,20467,3
1,20848,5
1,21228,5
1,21487,4
1,21713,5
1,22602,4
1,23576,4
1,23612,4
1,24326,5
1,24389,4
1,24499,5
1,24834,4
1,24845,5
1,25164,4
1,25182,5
1,25214,4
1,26145,4
1,26629,4
1,26661,4
1,28158,4
1,28767,5
1,29123,3
1,29703,5
1,30681,5
1,31001,4
1,32055,4
1,32305,5
1,32592,4
1,32635,5
1,32748,5
1,32923,5
1,33065,4
1,33697,4
1,33716,5
1,33872,5
1,33890,3
1,37284,5
1,37834,5
1,38080,4
1,38082,5
1,38475,4
1,39423,3
1,41074,3
1,42404,5
1,43985,4
1,44243,2
1,44397,5
1,45269,4
1,45493,5
1,46977,4
1,47476,4
1,47746,5
1,47800,5
1,48482,3
1,49298,4
1,50104,5
1,50342,3
1,51166,4
1,51460,3
1,51480,1
1,51838,5
1,52036,2
1,53245,4
2,1169,3
2,3022,4
2,3922,5
2,5115,4
2,5436,5
2,5461,4
2,5885,4
2,6063,1
2,6342,3
2,6630,5
2,8167,2
2,9731,4
2,10111,5
2,10140,3
2,10288,5
2,10509,2
2,10610,5
2,10751,3
2,10944,5
2,11285,4
2,11408,5
2,11691,4
2,11692,3
2,11868,5
2,11927,5
2,11945,5
2,12874,4
2,12946,5
2,13282,5
2,13794,1
2,14372,3
2,14546,5
2,14603,4
2,15604,4
2,16913,2
2,17434,5
2,17566,4
2,17643,1
2,17663,5
2,17984,5
2,18313,5
2,18361,4
2,19526,4
2,19724,5
2,19729,4
2,19942,5
2,21217,4
2,21228,4
2,21487,5
2,21676,5
2,21733,5
2,22602,4
2,23576,5
2,23612,5
2,24499,5
2,24834,4
2,25164,4
2,25182,5
2,26145,4
2,26629,4
2,27499,5
2,28767,4
2,30313,5
2,30681,4
2,30944,5
2,32055,4
2,32305,5
2,32592,4
2,32635,4
2,32748,5
2,32918,5
2,33065,5
2,33697,4
2,33716,5
2,33872,5
2,36099,5
2,37834,4
2,38082,5
2,42404,5
2,42508,4
2,42810,4
2,45269,4
2,45493,5
2,46421,5
2,46977,3
2,47476,3
2,47478,2
2,47800,5
2,48482,5
2,48559,5
2,48687,1
2,49298,5
2,50096,5
2,50104,5
2,50133,5
2,51166,5
2,51460,4
2,51838,4
2,52036,3
2,53292,5
3,314,3
3,588,1
3,2077,2
3,2487,3
3,2900,3
3,3662,4
3,4536,1
3,5115,4
3,5272,5
3,5461,2
3,5885,4
3,6063,5
3,6630,5
3,6634,3
3,7001,4
3,9246,1
3,9731,2
3,9771,3
3,10140,3
3,10246,1
3,10249,5
3,10509,1
3,10610,1
3,10751,1
3,10944,1
3,11285,2
3,11408,3
3,11599,4
3,11854,1
3,11927,4
3,12471,2
3,12946,4
3,13274,5
3,13282,5
3,13794,1
3,14546,5
3,15604,1
3,16377,1
3,16569,1
3,16913,4
3,17434,4
3,17663,4
3,18031,3
3,18313,5
3,19724,4
3,19942,4
3,19984,2
3,20076,3
3,20782,4
3,20848,4
3,21228,3
3,21487,3
3,21733,1
3,22602,3
3,23576,1
3,23612,3
3,24326,3
3,24389,3
3,25182,3
3,25214,1
3,26398,2
3,26629,4
3,28767,3
3,29703,1
3,30681,4
3,32305,1
3,32592,5
3,32635,4
3,32918,5
3,33065,1
3,33716,3
3,36099,4
3,36240,2
3,37284,1
3,37834,4
3,37855,3
3,38080,5
3,38082,3
3,38475,3
3,42404,5
3,43602,4
3,43985,2
3,46977,2
3,47746,5
3,48482,3
3,48687,1
3,49288,5
3,49289,5
3,49295,5
3,49297,5
3,49298,1
3,50096,5
3,50101,5
3,50102,5
3,50104,5
3,50133,5
3,51166,3
3,51460,2
3,52036,1
3,53292,5
4,439,5
4,1169,5
4,2324,5
4,2487,5
4,3739,5
4,3922,4
4,4606,1
4,5115,5
4,5436,5
4,6342,5
4,6630,4
4,8167,5
4,8178,5
4,9246,4
4,10140,4
4,11285,3
4,11691,5
4,11692,5
4,11868,3
4,11945,5
4,12381,5
4,12874,5
4,12946,5
4,13034,4
4,13776,4
4,13794,4
4,14192,4
4,14207,3
4,14546,5
4,14603,5
4,15604,3
4,17228,5
4,17643,5
4,17663,5
4,17984,5
4,18031,5
4,18313,5
4,19526,5
4,19724,5
4,19729,4
4,20406,2
4,20467,4
4,21217,4
4,21228,3
4,21487,5
4,21676,3
4,21733,5
4,23576,5
4,24326,5
4,25164,5
4,25182,5
4,25840,3
4,26579,3
4,26629,4
4,26661,5
4,27499,5
4,27834,5
4,27934,4
4,28767,5
4,29123,3
4,29703,5
4,30283,4
4,30313,5
4,30681,5
4,30944,5
4,32305,5
4,32338,4
4,32592,5
4,32745,4
4,32748,5
4,32918,5
4,32923,5
4,33065,5
4,33697,5
4,33716,4
4,33872,5
4,34688,4
4,36099,5
4,37284,3
4,37834,4
4,39423,5
4,42404,5
4,43985,5
4,44243,3
4,44397,5
4,45269,5
4,46482,5
4,47411,4
4,47730,5
4,47800,5
4,48482,3
4,48559,5
4,48687,5
4,49298,5
4,50102,5
4,51460,5
4,51838,4
4,52036,3
4,53245,5
4,53292,5
5,314,4
5,1169,5
5,1952,5
5,2324,5
5,2487,3
5,2900,5
5,3022,1
5,3662,4
5,3739,5
5,3922,2
5,5115,3
5,5461,5
5,6342,5
5,6630,3
5,7001,5
5,8167,4
5,8370,3
5,9246,3
5,10111,5
5,10246,4
5,10402,4
5,10944,3
5,11691,5
5,11692,4
5,11868,3
5,11927,5
5,11945,4
5,12381,4
5,12476,5
5,12874,4
5,12946,5
5,13034,4
5,13776,4
5,13794,2
5,14546,2
5,14603,4
5,15547,2
5,17228,5
5,17643,2
5,17663,5
5,18031,5
5,18313,2
5,19526,4
5,19724,5
5,19729,4
5,20406,5
5,20467,4
5,21217,4
5,21228,4
5,21487,5
5,21676,4
5,21733,4
5,22602,5
5,23576,5
5,24499,3
5,25164,4
5,25182,5
5,25840,3
5,26629,5
5,26661,5
5,27499,5
5,27834,4
5,28158,4
5,28767,2
5,29703,5
5,29819,2
5,30681,3
5,30944,4
5,32338,3
5,32635,3
5,32748,4
5,32923,5
5,33065,4
5,33697,5
5,33716,4
5,33872,4
5,34688,3
5,36099,3
5,37284,2
5,38798,2
5,39423,2
5,41074,3
5,42404,3
5,44243,2
5,44397,5
5,45269,4
5,45493,5
5,45554,5
5,46139,4
5,46421,5
5,46482,5
5,47800,3
5,48559,3
5,48687,5
5,49298,2
5,50104,5
5,51166,4
5,51838,4
5,52036,4
5,53292,5
6,173,5
6,314,5
6,725,5
6,2077,2
6,2171,5
6,3662,5
6,5379,5
6,6016,5
6,8440,4
6,8612,4
6,9195,3
6,9246,2
6,9722,5
6,10727,5
6,11599,4
6,11691,3
6,11927,5
6,12476,4
6,13282,5
6,14222,4
6,14285,4
6,15318,4
6,16569,5
6,16913,5
6,17329,5
6,17405,4
6,17984,4
6,18031,1
6,18179,1
6,18199,5
6,18316,5
6,18361,5
6,18550,4
6,18798,4
6,18957,5
6,20076,4
6,20782,4
6,21228,4
6,22212,4
6,22534,3
6,24326,5
6,25030,3
6,26146,3
6,26244,5
6,26398,4
6,26942,4
6,28158,3
6,28831,4
6,29031,4
6,29644,5
6,29689,3
6,30601,5
6,30879,5
6,31001,4
6,31305,4
6,31760,4
6,32419,4
6,32635,5
6,32923,4
6,33119,5
6,33147,5
6,33207,4
6,33872,2
6,34531,4
6,35259,2
6,35982,2
6,36664,3
6,37035,4
6,37041,3
6,38687,3
6,38851,5
6,39720,4
6,40167,3
6,40251,5
6,40490,3
6,41318,3
6,43985,4
6,45493,4
6,47490,5
6,47746,5
6,48687,5
6,49138,5
6,49382,5
6,49830,5
6,50096,5
6,50101,5
6,50102,5
6,50104,5
6,50133,5
6,50610,3
6,51065,5
6,51166,5
6,51480,2
6,51762,4
6,52036,2
6,52469,5
6,52583,5
6,52740,2
6,53145,5
6,53292,5
7,439,3
7,951,5
7,2324,5
7,3022,3
7,3739,5
7,3922,5
7,4536,3
7,5115,4
7,5436,5
7,5461,5
7,5629,3
7,6063,4
7,6630,5
7,6634,4
7,7001,3
7,7563,4
7,8167,3
7,8484,4
7,10111,4
7,10140,4
7,10246,4
7,10249,5
7,10509,2
7,10610,4
7,10944,5
7,11285,3
7,11408,2
7,11691,4
7,11692,4
7,11854,5
7,11868,1
7,11927,5
7,12381,5
7,12455,1
7,12874,4
7,12946,5
7,13034,4
7,13282,1
7,13794,3
7,14192,5
7,14248,5
7,14546,3
7,15604,3
7,16569,5
7,16913,3
7,17566,4
7,17643,3
7,17663,4
7,18031,5
7,18313,5
7,18798,3
7,19526,5
7,19984,5
7,20406,5
7,20848,5
7,21217,4
7,21228,5
7,21487,4
7,21676,5
7,21733,2
7,22164,4
7,22602,4
7,23576,1
7,24499,2
7,24845,5
7,25840,3
7,26145,4
7,26629,4
7,26718,4
7,27499,5
7,28767,2
7,30944,5
7,31001,5
7,32055,3
7,32305,5
7,32592,4
7,32635,4
7,32748,5
7,33697,4
7,33872,4
7,36099,5
7,37284,4
7,37690,4
7,38798,3
7,38865,5
7,39423,3
7,40126,4
7,42508,3
7,42810,4
7,43622,2
7,45269,4
7,45493,5
7,46139,5
7,48482,3
7,48559,5
7,51460,4
7,51480,1
7,51838,5
7,52036,5
7,53292,5
8,588,3
8,1952,4
8,2276,4
8,2324,5
8,2900,3
8,3022,1
8,3922,1
8,4606,2
8,5461,4
8,6342,5
8,6630,4
8,7001,5
8,9246,4
8,9771,5
8,10140,3
8,10246,5
8,11285,3
8,11691,5
8,11868,2
8,11945,5
8,12381,3
8,12874,4
8,12946,4
8,13034,4
8,13776,4
8,13794,2
8,13991,4
8,14192,4
8,14207,4
8,14546,2
8,14603,5
8,17228,4
8,17434,5
8,17643,1
8,18313,1
8,19526,4
8,19724,3
8,19729,5
8,20076,4
8,20406,2
8,20782,4
8,20848,5
8,21217,4
8,21228,4
8,21487,3
8,21676,3
8,21733,2
8,22602,3
8,23576,5
8,24326,5
8,24499,3
8,25164,4
8,25182,5
8,25840,2
8,26145,3
8,26579,3
8,26661,5
8,27499,3
8,27834,4
8,28158,3
8,28767,2
8,30681,4
8,30944,3
8,32338,3
8,32592,4
8,32745,4
8,32748,5
8,32923,5
8,33065,3
8,33716,4
8,33872,4
8,36099,4
8,36695,4
8,37284,5
8,37834,4
8,38798,4
8,39423,3
8,42404,2
8,42574,4
8,42810,3
8,43985,3
8,45269,5
8,45554,5
8,46139,3
8,46482,5
8,47730,5
8,47800,5
8,48559,4
8,48687,5
8,49288,5
8,49289,5
8,49295,5
8,49297,5
8,50096,5
8,50101,5
8,50102,5
8,50104,5
8,50133,5
8,51838,4
8,53292,5
9,439,3
9,588,3
9,951,1
9,3087,3
9,3922,3
9,4536,3
9,5115,3
9,5436,4
9,5461,4
9,6063,3
9,6630,4
9,7001,4
9,7563,1
9,8484,5
9,9246,4
9,9731,3
9,10140,2
9,10509,5
9,10610,3
9,10944,4
9,11408,1
9,11445,4
9,11691,3
9,11692,3
9,11854,1
9,11945,4
9,11999,3
9,12466,1
9,12874,5
9,13034,5
9,13544,3
9,13794,2
9,13991,4
9,14248,3
9,14372,2
9,14936,4
9,15494,3
9,15604,4
9,16177,2
9,17566,4
9,17643,3
9,17984,4
9,18031,3
9,18313,5
9,18798,2
9,18857,3
9,19526,3
9,19724,4
9,21217,4
9,21228,5
9,21487,3
9,22164,3
9,23576,2
9,23612,3
9,24389,4
9,24499,2
9,24834,5
9,24845,4
9,25164,3
9,25214,3
9,26053,2
9,26398,5
9,26661,3
9,27834,4
9,28767,3
9,31001,3
9,32055,5
9,32592,3
9,32748,5
9,32918,5
9,32923,3
9,33697,2
9,33716,3
9,36099,4
9,36695,4
9,37284,4
9,37834,3
9,38080,1
9,38082,5
9,38798,3
9,38865,3
9,41074,3
9,42508,3
9,43602,4
9,43622,3
9,43985,3
9,44243,4
9,44397,5
9,46139,5
9,46977,2
9,47730,5
9,48482,3
9,49298,2
9,50104,5
9,50342,3
9,51166,4
9,51460,4
9,51480,1
9,51838,4
9,53293,5
10,3662,4
10,3922,5
10,4536,2
10,5115,4
10,5272,3
10,5461,3
10,6063,1
10,6630,3
10,7001,4
10,8167,3
10,9246,2
10,9731,3
10,10111,5
10,10249,4
10,10509,2
10,10610,5
10,10944,4
10,11285,5
10,11692,5
10,11854,4
10,11868,5
10,11927,5
10,12381,5
10,12455,3
10,12471,5
10,12874,4
10,12946,5
10,13034,5
10,13282,5
10,13776,4
10,13794,4
10,13991,4
10,14192,4
10,14248,5
10,15547,3
10,15604,3
10,17228,5
10,17434,4
10,17643,1
10,17663,4
10,17984,5
10,18313,5
10,19526,4
10,19724,5
10,19942,5
10,20076,3
10,20406,4
10,20967,4
10,21217,3
10,21228,4
10,21487,5
10,21676,5
10,21733,4
10,22164,5
10,23576,4
10,23612,4
10,24326,5
10,24499,4
10,25164,4
10,25182,5
10,25840,5
10,26145,4
10,26661,4
10,26718,5
10,27834,5
10,27934,5
10,28767,5
10,28824,4
10,29703,4
10,30283,4
10,30681,4
10,32338,3
10,32635,4
10,32748,4
10,33065,5
10,36099,5
10,39423,3
10,41074,3
10,42404,5
10,42574,4
10,44397,5
10,46482,5
10,47411,2
10,47730,5
10,47800,5
10,48559,4
10,48687,5
10,49288,5
10,49289,5
10,49295,5
10,49297,5
10,50096,5
10,50101,5
10,50102,5
10,50133,5
10,50999,5
10,51166,3
10,51838,4
10,52036,4
10,53292,5
11,439,4
11,588,4
11,1169,4
11,1952,5
11,2077,3
11,4536,4
11,5115,4
11,5436,4
11,5461,4
11,5645,4
11,6063,4
11,6342,5
11,6630,4
11,7001,5
11,8484,5
11,9246,5
11,9771,5
11,10111,5
11,10140,4
11,10246,3
11,10610,5
11,10727,5
11,10944,4
11,11599,3
11,11692,4
11,11927,2
11,11945,5
11,12381,4
11,12466,3
11,12874,5
11,12946,5
11,13282,3
11,13794,5
11,13991,5
11,14207,4
11,14248,4
11,14546,5
11,16569,4
11,16913,4
11,17663,5
11,17984,4
11,18031,4
11,18361,4
11,18857,5
11,19526,4
11,19729,4
11,20467,4
11,20848,5
11,20967,3
11,21217,3
11,21733,2
11,22602,5
11,23576,4
11,23612,4
11,24326,3
11,24499,5
11,24834,5
11,26244,4
11,26398,4
11,26579,4
11,26661,5
11,28767,3
11,28824,1
11,29703,5
11,30233,5
11,30313,4
11,30601,5
11,32592,4
11,32748,4
11,32923,5
11,33065,2
11,33716,5
11,33872,5
11,36240,5
11,36695,3
11,37284,4
11,38080,5
11,38082,5
11,38798,3
11,42404,4
11,43622,4
11,43985,4
11,45269,4
11,46139,5
11,47746,3
11,47800,5
11,48559,5
11,48687,5
11,49288,5
11,49289,5
11,49295,5
11,49297,5
11,49298,5
11,50096,5
11,50101,5
11,50104,5
11,50133,5
11,51166,5
11,51480,3
11,51762,5
12,314,4
12,725,4
12,1136,4
12,2077,3
12,2171,5
12,3114,4
12,3662,4
12,5379,4
12,7563,2
12,8440,2
12,8669,4
12,9722,4
12,11599,3
12,11691,3
12,11927,3
12,12476,2
12,13000,4
12,13274,4
12,13282,5
12,13826,4
12,14222,4
12,14285,3
12,15054,3
12,15494,3
12,16569,4
12,16587,3
12,16913,5
12,17242,4
12,17984,5
12,18199,3
12,18316,5
12,18798,2
12,18957,4
12,19171,5
12,19724,4
12,20782,4
12,20991,4
12,21217,3
12,21228,5
12,21713,5
12,24326,3
12,24499,4
12,24582,3
12,26398,4
12,26750,4
12,28158,3
12,28831,4
12,29031,3
12,29123,2
12,29644,5
12,30283,5
12,31305,2
12,31760,3
12,32058,4
12,32419,3
12,32635,3
12,32748,3
12,33147,4
12,33207,3
12,33872,5
12,34531,4
12,34688,3
12,35259,4
12,35982,3
12,36031,4
12,36695,3
12,37041,4
12,37153,4
12,37834,4
12,38082,5
12,40251,4
12,40251,4
12,40490,3
12,40566,5
12,43985,3
12,45493,5
12,48291,4
12,48297,2
12,48482,3
12,48687,5
12,49288,5
12,49289,5
12,49295,5
12,49297,5
12,49830,5
12,50101,5
12,50102,5
12,50104,5
12,50133,5
12,50610,2
12,51065,3
12,51166,4
12,51762,5
12,51838,4
12,52007,1
12,52036,1
12,52469,5
12,52583,5
12,53145,5
12,53245,3
13,1169,3
13,2324,5
13,3022,2
13,3662,5
13,3922,5
13,5115,4
13,6063,4
13,6342,5
13,7001,3
13,8167,4
13,8370,4
13,8484,3
13,8510,3
13,9246,3
13,9731,3
13,10249,3
13,10288,3
13,10509,5
13,10610,5
13,10944,4
13,11285,3
13,11408,3
13,11691,5
13,11692,5
13,11868,5
13,11927,4
13,11945,4
13,12381,5
13,12471,4
13,12874,4
13,12946,5
13,13282,5
13,13776,4
13,13794,3
13,14546,5
13,14603,5
13,15604,5
13,16569,3
13,17434,3
13,17643,5
13,19526,5
13,19724,5
13,19942,2
13,20406,5
13,20782,3
13,21217,4
13,21228,4
13,21676,5
13,21733,5
13,23612,5
13,25164,4
13,25840,2
13,26145,3
13,26629,5
13,26718,5
13,27834,4
13,27934,5
13,29819,4
13,30313,4
13,30794,4
13,32338,4
13,32635,4
13,32745,4
13,32748,5
13,32918,4
13,33065,4
13,33697,5
13,33716,4
13,36099,5
13,36695,4
13,37284,5
13,37834,4
13,38865,2
13,42508,4
13,42574,4
13,43622,4
13,43985,4
13,44397,5
13,45269,5
13,45493,4
13,45554,4
13,46482,5
13,47411,3
13,47800,5
13,48482,5
13,48559,4
13,48687,5
13,49288,5
13,49289,5
13,49295,5
13,49297,5
13,49298,2
13,50096,5
13,50101,5
13,50104,5
13,50133,5
13,50999,3
13,51480,2
13,51838,4
13,52036,5
14,951,5
14,1169,3
14,1952,5
14,2324,5
14,3087,3
14,3739,4
14,4536,5
14,5115,3
14,5461,4
14,5645,5
14,6063,4
14,6342,5
14,7001,3
14,8167,4
14,8178,5
14,8370,3
14,8484,3
14,8510,3
14,9246,3
14,10111,4
14,10402,4
14,10944,4
14,11285,3
14,11692,5
14,11927,3
14,11945,4
14,12381,4
14,12874,4
14,12946,5
14,13794,3
14,14546,5
14,14603,4
14,15604,4
14,16569,3
14,17434,4
14,17643,5
14,18313,1
14,19526,5
14,19724,4
14,20406,4
14,20782,4
14,21228,4
14,21676,5
14,21733,3
14,22164,2
14,22602,3
14,23576,2
14,24326,3
14,24834,5
14,25182,4
14,25840,3
14,26145,3
14,26629,4
14,27499,2
14,27834,5
14,27934,4
14,28767,1
14,28824,3
14,29123,5
14,29819,3
14,30313,4
14,30681,1
14,32305,5
14,32635,3
14,32745,4
14,32748,5
14,33065,4
14,33697,5
14,33716,3
14,36099,4
14,37284,3
14,37834,4
14,38865,2
14,41074,4
14,42404,3
14,42574,2
14,42810,4
14,43622,4
14,44397,5
14,45269,4
14,45493,4
14,46421,5
14,46482,5
14,46977,4
14,47411,4
14,47800,5
14,48559,3
14,48687,5
14,49288,5
14,49289,5
14,49295,5
14,49297,5
14,49298,3
14,50096,5
14,50101,5
14,50133,5
14,51460,3
14,51480,3
14,51838,4
14,53292,5
15,588,4
15,1169,4
15,2171,4
15,2324,5
15,2487,4
15,2900,4
15,3087,5
15,3662,4
15,3739,4
15,3922,3
15,5272,5
15,5461,5
15,5645,5
15,5885,4
15,6063,3
15,6698,4
15,7001,4
15,9731,4
15,10140,3
15,10610,3
15,11285,3
15,11408,3
15,11569,4
15,11691,4
15,11692,5
15,11927,2
15,12381,5
15,12874,4
15,12946,4
15,13034,4
15,13274,5
15,13282,5
15,13544,4
15,13776,5
15,13794,5
15,13991,5
15,14192,4
15,14546,5
15,14603,5
15,15604,3
15,16569,4
15,16913,5
15,17228,5
15,17434,4
15,17566,4
15,17984,4
15,18031,5
15,18361,5
15,18798,3
15,19724,5
15,19729,4
15,19942,4
15,21676,5
15,22164,4
15,22602,4
15,23303,4
15,23576,5
15,23612,5
15,24326,5
15,24499,3
15,25164,4
15,25182,3
15,25840,5
15,26629,4
15,27499,4
15,28767,3
15,30233,4
15,30313,4
15,30681,4
15,32338,4
15,32745,4
15,32748,4
15,32923,5
15,33065,5
15,33697,5
15,33716,4
15,36099,5
15,36695,4
15,37284,3
15,37834,5
15,38082,5
15,38475,4
15,42508,4
15,42810,3
15,43622,3
15,44397,5
15,45493,3
15,45554,5
15,47800,5
15,48440,4
15,48559,5
15,48687,5
15,49298,4
15,50096,5
15,50101,5
15,50104,5
15,50133,5
15,51460,5
15,51480,3
15,53292,5
16,1185,3
16,2487,5
16,2900,5
16,3087,2
16,3662,5
16,3922,5
16,5115,4
16,5461,4
16,5645,4
16,5885,5
16,6063,4
16,6342,4
16,6630,5
16,8370,5
16,8510,5
16,9806,5
16,10111,4
16,10402,3
16,10509,5
16,10610,3
16,10944,4
16,11272,3
16,11691,4
16,11692,4
16,11927,5
16,11945,5
16,11999,3
16,12471,4
16,12946,5
16,13407,5
16,13794,3
16,13991,3
16,14372,5
16,16913,1
16,17643,5
16,17663,4
16,18031,3
16,18361,3
16,18798,3
16,19526,5
16,19724,4
16,21217,5
16,21228,5
16,21487,4
16,21676,4
16,23576,4
16,23612,4
16,24143,4
16,24326,4
16,24499,3
16,24834,4
16,24845,5
16,25164,4
16,26579,4
16,27834,5
16,28158,4
16,28767,4
16,28824,4
16,29703,3
16,29951,2
16,30233,1
16,30313,5
16,32055,3
16,32305,1
16,32745,4
16,32748,3
16,32923,4
16,33065,4
16,33872,3
16,36099,5
16,37284,4
16,37834,5
16,38082,5
16,38798,3
16,42404,5
16,43622,2
16,43985,1
16,44397,5
16,45269,4
16,45554,4
16,46139,5
16,46482,5
16,46977,2
16,47476,2
16,47730,5
16,47800,4
16,48482,3
16,48687,5
16,49288,5
16,49289,5
16,49295,5
16,49297,5
16,50096,5
16,50101,5
16,50104,5
16,50133,5
16,51166,4
16,51460,4
16,51838,4
16,52036,2
17,314,4
17,439,5
17,1136,3
17,1169,3
17,1185,4
17,2077,5
17,2171,5
17,3114,5
17,3662,4
17,3922,5
17,5379,4
17,5885,5
17,6252,3
17,6630,5
17,7563,2
17,8454,4
17,9722,4
17,10140,4
17,10146,4
17,10246,4
17,10335,4
17,10610,5
17,10944,5
17,11239,4
17,11599,5
17,11691,4
17,11854,3
17,12471,4
17,12476,1
17,13274,5
17,13282,5
17,13360,4
17,13544,5
17,14222,3
17,14936,4
17,15494,4
17,16569,3
17,16913,4
17,17663,5
17,17984,4
17,18031,3
17,18313,5
17,18361,4
17,18798,3
17,19171,5
17,19724,5
17,19729,4
17,19984,5
17,20076,3
17,20848,4
17,21228,5
17,21713,4
17,22534,3
17,22602,4
17,23612,4
17,24499,4
17,24582,4
17,24845,5
17,25164,3
17,26053,4
17,26145,4
17,26629,4
17,26718,5
17,27612,5
17,28158,4
17,28824,3
17,29031,5
17,29689,3
17,30833,5
17,30944,5
17,31001,3
17,32592,4
17,32635,5
17,33065,4
17,33147,2
17,33697,4
17,33864,3
17,36099,5
17,37284,5
17,37834,5
17,40126,5
17,41074,3
17,41240,2
17,41318,4
17,43602,4
17,44397,5
17,45269,4
17,47476,3
17,47800,5
17,48297,2
17,48482,3
17,49298,3
17,50342,2
17,51065,4
17,51166,3
17,51460,3
17,51762,3
17,51838,5
17,52036,2
17,52583,5
18,439,4
18,588,5
18,1169,3
18,2077,3
18,2900,4
18,3022,4
18,3922,5
18,5436,5
18,6063,1
18,6634,3
18,8167,4
18,9011,4
18,9722,4
18,9731,4
18,9771,5
18,10111,5
18,10140,3
18,10246,3
18,10249,5
18,10288,5
18,10509,2
18,10751,5
18,10944,4
18,11285,4
18,11408,4
18,11599,5
18,11854,4
18,11868,5
18,11927,5
18,11999,3
18,12471,5
18,12476,5
18,12874,4
18,12946,4
18,13544,5
18,14546,5
18,14603,4
18,14936,4
18,15318,3
18,15604,3
18,15889,5
18,16569,4
18,16913,3
18,17566,4
18,17643,2
18,17984,5
18,18031,5
18,18100,5
18,18313,5
18,18361,4
18,19724,5
18,19729,4
18,19942,4
18,20076,3
18,21228,4
18,21676,5
18,21713,4
18,23612,5
18,24499,3
18,24845,5
18,25164,4
18,25278,4
18,26145,3
18,26629,4
18,26718,4
18,28158,5
18,30283,5
18,30313,5
18,30601,4
18,30944,4
18,31001,5
18,32055,4
18,32305,5
18,32592,4
18,32635,4
18,32918,5
18,33065,5
18,33697,4
18,33864,4
18,36099,5
18,37746,3
18,40126,5
18,41074,4
18,41318,5
18,45269,4
18,45554,4
18,46421,5
18,47476,3
18,47800,5
18,48482,4
18,48559,4
18,48687,1
18,49298,5
18,50342,5
18,51065,5
18,51460,4
18,51762,5
18,51838,5
18,52036,2
18,53292,5
19,588,4
19,951,5
19,1169,3
19,1185,3
19,3022,4
19,3739,5
19,3922,5
19,4536,4
19,5115,5
19,5436,5
19,5461,5
19,5885,4
19,6063,5
19,6342,5
19,6630,5
19,7001,4
19,8167,4
19,8484,5
19,9246,2
19,10140,3
19,10246,4
19,10249,4
19,10509,2
19,10610,3
19,10944,5
19,11285,2
19,11408,2
19,11445,5
19,11868,1
19,11927,5
19,12381,5
19,12946,5
19,13034,4
19,13282,1
19,13794,2
19,14248,4
19,14546,5
19,15604,3
19,16569,5
19,17643,5
19,18313,1
19,18361,5
19,18798,2
19,19526,5
19,20406,5
19,21217,4
19,21228,5
19,21487,5
19,22164,4
19,23576,2
19,24499,4
19,24834,5
19,25182,5
19,25278,5
19,26145,4
19,26629,4
19,27499,5
19,27934,5
19,28158,5
19,28767,2
19,29819,1
19,30794,4
19,30944,5
19,32055,3
19,32305,5
19,32635,3
19,32748,5
19,33697,5
19,34688,4
19,36099,5
19,36695,5
19,37284,4
19,37834,4
19,38082,5
19,38865,5
19,39423,4
19,42508,4
19,42810,5
19,43602,4
19,45269,4
19,45493,5
19,45554,3
19,46139,5
19,46421,5
19,48482,3
19,48559,3
19,49288,5
19,49289,5
19,49295,5
19,49297,5
19,49298,5
19,50096,5
19,50101,5
19,50102,5
19,50133,5
19,51166,4
19,51460,4
19,51838,4
19,52036,5
19,53292,5
20,314,4
20,439,5
20,588,3
20,1088,4
20,1169,2
20,1185,3
20,2077,4
20,2171,5
20,3114,4
20,3922,5
20,5379,4
20,5885,4
20,6252,3
20,6630,5
20,7563,2
20,8454,1
20,8669,4
20,9722,4
20,10246,4
20,10288,2
20,10335,4
20,10610,4
20,11239,4
20,11599,5
20,11691,3
20,11854,3
20,11927,4
20,11945,2
20,12471,3
20,12476,2
20,13282,5
20,13544,4
20,14222,3
20,14936,3
20,16377,5
20,16569,3
20,16913,4
20,17663,3
20,17984,3
20,18031,3
20,18313,5
20,18361,4
20,18798,3
20,19171,5
20,19724,5
20,19729,3
20,19984,5
20,20848,3
20,21228,5
20,21713,4
20,22534,3
20,23612,4
20,24499,3
20,24582,4
20,24845,3
20,25164,2
20,26145,3
20,26629,3
20,26718,5
20,27612,5
20,28158,4
20,28824,3
20,28831,5
20,29031,5
20,29689,3
20,30184,5
20,30833,5
20,30944,5
20,31001,2
20,32592,4
20,32635,5
20,32923,4
20,33065,4
20,33147,1
20,33697,4
20,33864,3
20,36099,5
20,36695,2
20,37284,5
20,37834,5
20,38475,4
20,41074,3
20,41240,2
20,41318,5
20,43602,3
20,44397,5
20,45269,4
20,47476,4
20,47730,5
20,47800,5
20,48297,2
20,48440,4
20,48482,3
20,48687,5
20,49298,3
20,50342,2
20,51065,4
20,51838,5
20,52036,2
20,52583,3
21,588,4
21,2077,3
21,2900,5
21,3022,4
21,3922,5
21,5436,5
21,7001,5
21,8167,4
21,9011,4
21,9731,4
21,9771,4
21,10111,4
21,10140,3
21,10249,5
21,10509,2
21,10751,5
21,10944,4
21,11285,4
21,11408,4
21,11599,5
21,11854,4
21,11868,5
21,11927,5
21,11999,3
21,12466,3
21,12471,5
21,12476,5
21,12874,4
21,12946,4
21,13282,5
21,13544,5
21,14222,3
21,14546,5
21,14936,4
21,15318,3
21,15604,4
21,15889,3
21,16377,5
21,16913,3
21,17566,4
21,17984,5
21,18031,5
21,18100,4
21,18313,5
21,18361,4
21,18798,4
21,19724,5
21,19729,4
21,19942,5
21,20076,4
21,21228,5
21,21676,5
21,21713,4
21,23612,5
21,24499,4
21,24582,5
21,24845,5
21,25164,3
21,26145,3
21,26629,4
21,26718,4
21,27934,2
21,28158,4
21,29703,4
21,29819,4
21,30283,5
21,30313,5
21,30601,4
21,30944,3
21,31001,5
21,32305,4
21,32592,4
21,32635,5
21,32918,5
21,33065,5
21,33147,5
21,33697,4
21,33864,4
21,36099,5
21,37690,4
21,37746,3
21,40126,5
21,40468,4
21,41074,4
21,41318,5
21,43602,3
21,45269,4
21,46977,2
21,47476,4
21,48297,4
21,48482,4
21,48559,4
21,48687,1
21,49298,5
21,50342,5
21,51065,5
21,51762,5
21,51838,4
21,52036,2
21,52583,5
22,314,3
22,439,3
22,588,3
22,2900,4
22,3087,4
22,3922,4
22,4536,5
22,5115,4
22,5272,5
22,5461,4
22,5885,4
22,6063,4
22,6342,4
22,6630,2
22,6698,2
22,7001,4
22,7563,3
22,8370,3
22,9246,4
22,9731,5
22,10111,1
22,10751,3
22,11239,3
22,11285,3
22,11445,4
22,11691,3
22,11692,4
22,11927,2
22,11945,4
22,12381,3
22,12874,5
22,12946,3
22,13282,3
22,13794,1
22,13991,5
22,14248,3
22,14546,5
22,14603,4
22,16377,5
22,16569,4
22,17566,4
22,17663,4
22,17984,4
22,18031,3
22,18313,4
22,18361,4
22,18798,3
22,19724,5
22,19729,4
22,19984,5
22,20076,3
22,20406,5
22,20467,3
22,20782,4
22,20848,4
22,21217,4
22,21228,4
22,22602,3
22,23303,2
22,23576,3
22,23612,1
22,24326,3
22,24834,5
22,24845,2
22,25164,4
22,25182,5
22,25840,5
22,26244,5
22,26629,4
22,26661,4
22,27834,4
22,28767,4
22,28824,3
22,29703,3
22,29951,2
22,30681,4
22,32055,4
22,32305,2
22,32592,3
22,32748,4
22,32923,4
22,33716,4
22,33872,5
22,36099,5
22,36240,5
22,38080,3
22,42404,5
22,42508,4
22,42574,3
22,42810,3
22,43622,4
22,43985,4
22,45554,4
22,47730,5
22,48687,5
22,51166,4
22,51460,4
22,51762,5
22,51838,4
22,53292,5
23,439,2
23,588,3
23,1169,3
23,2900,4
23,3022,4
23,3739,3
23,3922,5
23,5436,5
23,7001,5
23,8167,2
23,8710,3
23,9011,4
23,9244,3
23,9722,4
23,9731,4
23,9771,5
23,10111,5
23,10140,3
23,10246,3
23,10249,5
23,10288,5
23,10509,2
23,10751,3
23,10944,4
23,11239,5
23,11285,4
23,11408,4
23,11445,5
23,11599,5
23,11691,4
23,11692,3
23,11854,4
23,11868,5
23,11927,3
23,11999,3
23,12466,4
23,12471,5
23,12476,4
23,12874,4
23,12946,4
23,13544,5
23,14546,5
23,14603,4
23,14936,4
23,15604,4
23,15889,3
23,16377,5
23,16913,2
23,17566,3
23,17643,2
23,17984,5
23,18031,5
23,18100,4
23,18313,5
23,18361,4
23,18798,4
23,19724,5
23,19729,4
23,19942,4
23,20076,3
23,21228,3
23,21676,5
23,21713,4
23,23612,5
23,24499,2
23,24845,5
23,25164,3
23,26145,3
23,26629,4
23,26718,4
23,28824,4
23,29819,4
23,30283,5
23,30944,5
23,31001,5
23,32305,5
23,32592,4
23,32635,4
23,32918,5
23,33065,5
23,33697,3
23,36099,5
23,37746,3
23,40126,5
23,41074,4
23,41318,5
23,43602,3
23,45269,3
23,46421,5
23,47476,4
23,47800,5
23,48482,4
23,48559,3
23,48687,1
23,49298,5
23,51065,5
23,51460,4
23,51762,4
23,51838,4
23,52036,2
24,588,4
24,1169,3
24,2900,5
24,3022,4
24,3922,5
24,5436,5
24,6634,3
24,8167,4
24,8710,3
24,9011,3
24,9244,4
24,9731,4
24,9771,4
24,10111,4
24,10140,3
24,10249,5
24,10288,5
24,10509,2
24,10751,5
24,10944,4
24,11285,4
24,11408,4
24,11599,5
24,11854,4
24,11868,5
24,11927,5
24,11999,3
24,12466,3
24,12471,5
24,12476,4
24,12874,4
24,12946,4
24,13544,5
24,14372,3
24,14546,5
24,14603,4
24,14936,4
24,15318,3
24,15604,4
24,16569,4
24,16913,4
24,17566,4
24,17984,5
24,18031,5
24,18100,4
24,18313,5
24,18361,4
24,19724,5
24,19729,4
24,19942,4
24,20076,4
24,21228,5
24,21676,5
24,21713,4
24,23603,5
24,23612,5
24,24499,4
24,24582,5
24,24845,4
24,25164,4
24,25278,5
24,26145,3
24,26718,4
24,27934,3
24,28158,4
24,28824,4
24,29819,5
24,30283,5
24,30313,5
24,30944,3
24,31001,5
24,32055,4
24,32305,5
24,32592,4
24,32635,5
24,32918,5
24,33065,5
24,33697,5
24,33864,4
24,36099,5
24,37746,3
24,40126,5
24,41074,4
24,41318,5
24,43602,3
24,45269,4
24,45554,4
24,46421,5
24,47476,4
24,47800,5
24,48482,4
24,48559,3
24,48687,1
24,49298,5
24,50342,5
24,51065,5
24,51460,4
24,51762,5
24,51838,4
24,53293,5
25,588,5
25,2077,3
25,3022,4
25,3922,5
25,5436,5
25,6252,5
25,6634,3
25,8167,4
25,8454,3
25,9011,4
25,9244,3
25,9731,4
25,9771,4
25,10140,3
25,10249,5
25,10288,5
25,10751,5
25,10944,4
25,11285,4
25,11408,4
25,11691,4
25,11854,4
25,11927,5
25,11999,3
25,12471,5
25,12476,5
25,12946,5
25,13095,4
25,13282,5
25,13360,3
25,13544,5
25,14222,3
25,14546,5
25,14936,4
25,15318,3
25,15604,4
25,15889,4
25,16569,4
25,16913,3
25,17566,4
25,18031,5
25,18100,5
25,18313,5
25,18361,4
25,19171,5
25,19724,5
25,19729,5
25,19942,3
25,20076,4
25,21217,4
25,21228,4
25,21676,5
25,21713,5
25,23612,5
25,24499,4
25,24582,5
25,24845,4
25,25164,3
25,26145,3
25,26629,4
25,27612,5
25,27934,3
25,28158,5
25,28824,5
25,29819,4
25,30283,5
25,30313,4
25,30601,4
25,30944,4
25,31001,5
25,32055,4
25,32305,5
25,32592,4
25,32635,5
25,32635,5
25,32918,5
25,33065,5
25,33147,5
25,33697,3
25,33864,4
25,36099,5
25,40126,5
25,40468,5
25,41074,3
25,41318,5
25,43985,4
25,44243,4
25,45269,4
25,45554,3
25,47476,4
25,47800,5
25,48482,4
25,48559,5
25,48687,1
25,49298,5
25,50342,5
25,51065,5
25,51838,5
25,52036,2
25,52583,5
26,588,3
26,1169,1
26,1952,3
26,2324,3
26,2900,4
26,3922,3
26,4536,4
26,5436,4
26,6342,3
26,6634,2
26,7001,4
26,9731,4
26,9771,3
26,10111,2
26,10140,2
26,10402,3
26,10944,1
26,11239,2
26,11599,2
26,11691,4
26,11692,3
26,11927,2
26,11945,5
26,12381,2
26,12874,5
26,12946,3
26,13282,5
26,13360,4
26,13794,2
26,13991,4
26,14248,3
26,14285,3
26,14546,2
26,15604,4
26,15748,5
26,16377,5
26,17228,4
26,17566,5
26,18031,4
26,18313,5
26,18361,3
26,18550,4
26,18798,3
26,19191,2
26,19724,5
26,19942,5
26,20848,4
26,21217,4
26,21228,4
26,21713,4
26,22164,3
26,22534,2
26,23612,4
26,24499,2
26,24582,4
26,24845,4
26,25164,4
26,26053,3
26,26145,4
26,27612,3
26,29031,3
26,30283,3
26,30833,3
26,30871,4
26,30944,3
26,31001,3
26,32055,5
26,32592,4
26,32635,3
26,32918,5
26,32923,4
26,33065,4
26,33147,2
26,33697,2
26,33864,3
26,34688,4
26,35259,4
26,35982,2
26,36099,4
26,37284,4
26,37834,4
26,38865,3
26,41074,3
26,42574,5
26,43602,4
26,43622,3
26,44397,5
26,45269,2
26,45554,4
26,47411,5
26,48297,3
26,48482,4
26,48559,3
26,48687,5
26,49298,2
26,50342,4
26,51460,4
26,51480,1
26,51762,4
26,51838,4
27,439,5
27,588,4
27,2077,5
27,2900,5
27,3022,4
27,3922,5
27,5436,5
27,8167,4
27,9011,3
27,9731,4
27,9771,4
27,10111,4
27,10140,3
27,10249,5
27,10288,5
27,10509,2
27,10751,4
27,10944,4
27,11285,4
27,11408,4
27,11599,5
27,11854,4
27,11927,5
27,11999,3
27,12471,5
27,12476,5
27,12946,4
27,13282,5
27,13360,3
27,13544,5
27,14546,5
27,14936,4
27,15318,3
27,15604,3
27,15889,4
27,16569,5
27,16913,3
27,17566,4
27,17984,5
27,18031,5
27,18100,4
27,18313,5
27,18361,4
27,19171,5
27,19724,5
27,19729,4
27,19942,4
27,20076,4
27,21228,3
27,21676,5
27,21713,4
27,22534,5
27,23612,5
27,24499,4
27,24582,5
27,24845,5
27,25164,4
27,26145,3
27,26629,4
27,26718,4
27,27612,5
27,28158,4
27,28824,5
27,29819,5
27,30283,5
27,30313,4
27,30601,4
27,30944,2
27,31001,5
27,32055,4
27,32305,5
27,32592,4
27,32635,4
27,32918,5
27,33065,5
27,33147,5
27,33697,4
27,33864,4
27,36099,5
27,37746,3
27,40126,5
27,41074,4
27,41318,5
27,43602,3
27,45269,5
27,45554,3
27,47476,3
27,47800,5
27,48297,3
27,48482,4
27,48559,2
27,48687,1
27,49298,5
27,50342,5
27,51166,5
27,51460,4
27,51480,1
27,51762,5
27,51838,5
27,52036,2
28,1169,4
28,2276,2
28,2324,5
28,2900,3
28,3087,4
28,3739,5
28,3922,2
28,5115,3
28,5436,5
28,5461,5
28,5645,5
28,5885,3
28,6063,3
28,6342,5
28,6630,3
28,8370,4
28,8484,2
28,9011,2
28,9011,1
28,9246,4
28,9731,3
28,10111,5
28,10140,3
28,10402,4
28,10751,5
28,11691,5
28,11868,3
28,11927,3
28,11945,5
28,12381,4
28,12946,5
28,13034,4
28,13274,4
28,13794,2
28,13991,4
28,14192,5
28,14248,4
28,14546,5
28,14603,5
28,15604,5
28,16569,4
28,16913,4
28,17434,5
28,17566,4
28,18798,3
28,19526,5
28,19724,3
28,19729,3
28,19942,3
28,20967,5
28,21228,4
28,21487,4
28,21713,3
28,21733,3
28,22602,4
28,24499,3
28,24834,3
28,25164,4
28,25182,2
28,25278,5
28,25840,2
28,26053,4
28,26145,3
28,26629,5
28,27934,5
28,28767,1
28,29819,4
28,30313,4
28,30944,5
28,32305,5
28,32635,5
28,32748,5
28,32923,4
28,33065,4
28,33697,5
28,33872,4
28,36695,4
28,37284,3
28,37834,5
28,42404,5
28,42508,4
28,42574,5
28,42810,3
28,43622,4
28,44397,5
28,45269,4
28,45493,4
28,46421,5
28,46482,3
28,46977,5
28,47411,3
28,47800,5
28,48440,5
28,48482,3
28,48559,4
28,48687,5
28,50101,5
28,51480,2
28,51838,4
28,53245,4
29,314,3
29,588,3
29,1169,5
29,3087,5
29,3922,5
29,4536,3
29,5645,5
29,5885,4
29,6063,5
29,6252,1
29,6342,5
29,6634,4
29,7001,4
29,8167,3
29,8178,5
29,8370,3
29,8484,5
29,8510,4
29,9246,2
29,9771,5
29,10111,3
29,10246,5
29,10402,3
29,10751,4
29,11691,5
29,11692,4
29,11868,5
29,11927,3
29,11945,5
29,12874,3
29,13034,3
29,13282,5
29,13794,3
29,14192,5
29,14207,4
29,14248,3
29,14546,5
29,14603,4
29,15547,4
29,15604,4
29,15748,1
29,16177,4
29,17228,5
29,17566,5
29,17643,1
29,17663,4
29,18798,3
29,19171,5
29,19191,3
29,19724,4
29,19984,5
29,21217,3
29,21228,4
29,21487,3
29,21676,5
29,21724,4
29,21733,2
29,22164,5
29,22602,4
29,24326,4
29,24389,4
29,25164,4
29,25182,5
29,25840,5
29,26629,4
29,27499,5
29,27834,3
29,28767,3
29,28824,3
29,30601,5
29,30681,4
29,30794,4
29,30833,5
29,30944,4
29,32055,4
29,32305,4
29,32419,5
29,32576,4
29,32635,4
29,32748,5
29,33697,5
29,33864,5
29,36099,4
29,37690,4
29,37855,5
29,40126,4
29,42404,4
29,42508,3
29,42574,3
29,45269,3
29,45493,5
29,45554,4
29,46421,5
29,47411,3
29,48687,5
29,50342,3
29,51460,4
29,51480,4
29,51762,5
29,52036,5
30,314,4
30,725,4
30,1185,4
30,2324,5
30,3087,1
30,3641,4
30,5379,3
30,6252,3
30,6630,3
30,7563,4
30,8440,3
30,8669,2
30,8909,4
30,9195,3
30,9722,4
30,10246,4
30,10288,4
30,10610,5
30,11599,4
30,11692,5
30,11927,4
30,12476,4
30,13000,3
30,13544,1
30,14385,5
30,14546,5
30,15054,4
30,15318,2
30,16377,5
30,16569,4
30,16576,3
30,17105,3
30,17242,1
30,17984,3
30,18031,5
30,18361,4
30,18550,4
30,18798,4
30,19191,3
30,20363,4
30,20782,4
30,21543,3
30,21713,1
30,21733,3
30,23612,4
30,24389,4
30,24582,4
30,24582,3
30,26244,1
30,26282,4
30,26398,4
30,26579,4
30,26661,4
30,26883,4
30,27027,4
30,29031,3
30,29703,4
30,30313,4
30,31760,4
30,31760,4
30,32576,4
30,32748,5
30,32923,3
30,33147,5
30,33207,4
30,33872,3
30,33890,4
30,34531,5
30,34688,3
30,35146,3
30,35982,4
30,36031,4
30,37834,4
30,38080,1
30,38687,3
30,40167,3
30,41240,5
30,42404,4
30,43037,3
30,43985,4
30,44397,4
30,46482,4
30,46977,4
30,47730,5
30,47746,5
30,48687,5
30,49152,5
30,49288,5
30,49289,5
30,49295,5
30,49297,5
30,50096,5
30,50101,5
30,50102,5
30,50104,5
30,50133,5
30,51166,5
30,51460,4
30,52469,5
30,52583,3
31,314,5
31,439,4
31,1169,2
31,1185,5
31,2171,5
31,2487,4
31,2900,4
31,3087,4
31,3662,5
31,4536,4
31,5115,5
31,5379,4
31,5461,4
31,5645,4
31,5885,5
31,6063,5
31,6634,3
31,7001,5
31,8370,5
31,8669,5
31,8669,5
31,9246,5
31,10111,4
31,10140,4
31,10335,5
31,10509,5
31,10610,5
31,10944,5
31,11692,5
31,11927,4
31,11945,5
31,12946,4
31,13544,5
31,13991,5
31,14248,4
31,14603,5
31,15318,4
31,16569,2
31,16913,5
31,17434,5
31,17663,5
31,17984,5
31,18031,5
31,18361,4
31,18798,3
31,18857,4
31,19526,5
31,19729,4
31,20467,3
31,20848,5
31,20967,3
31,21676,5
31,21733,3
31,22164,4
31,22602,3
31,23576,4
31,23612,4
31,24326,4
31,24499,1
31,24834,5
31,25164,2
31,25840,5
31,26398,5
31,26661,4
31,28158,5
31,28767,5
31,28824,4
31,29123,3
31,29703,5
31,30184,5
31,30313,5
31,30681,4
31,32055,3
31,32305,5
31,32592,5
31,32635,5
31,32748,5
31,32923,3
31,33716,5
31,33890,4
31,34688,4
31,36695,4
31,37834,4
31,38080,5
31,38082,5
31,42404,5
31,42574,4
31,44397,5
31,46482,2
31,46977,4
31,47411,4
31,47730,5
31,47746,5
31,47800,4
31,48559,4
31,48687,5
31,51166,4
31,51762,5
31,51838,4
31,53245,3
32,951,5
32,2276,4
32,2324,5
32,3087,4
32,3662,4
32,3739,5
32,3922,4
32,4536,3
32,5115,3
32,5272,2
32,5436,4
32,5461,5
32,5645,5
32,5885,4
32,6342,5
32,8167,3
32,8178,5
32,8370,3
32,9246,4
32,10111,5
32,10402,3
32,11691,4
32,11692,3
32,11927,3
32,11945,5
32,12381,3
32,12874,2
32,12946,5
32,13034,4
32,13274,4
32,13794,3
32,13991,4
32,14192,4
32,14248,4
32,14546,5
32,14603,4
32,15604,4
32,16569,5
32,17434,5
32,17566,4
32,17643,3
32,17663,4
32,18361,4
32,18798,3
32,19724,3
32,19729,3
32,20406,5
32,20967,3
32,21487,4
32,21733,2
32,22602,4
32,23303,4
32,23576,4
32,24326,4
32,24499,3
32,24834,5
32,25164,4
32,25182,3
32,25278,5
32,25840,5
32,26053,5
32,26145,3
32,27499,5
32,27834,5
32,28158,4
32,28767,2
32,28824,3
32,29819,4
32,30313,4
32,30681,2
32,32305,2
32,32635,4
32,32745,5
32,32748,4
32,32923,3
32,33065,4
32,33697,5
32,34688,3
32,36099,4
32,36695,4
32,38082,5
32,38865,3
32,40126,5
32,42404,4
32,42508,4
32,42574,5
32,42810,4
32,43985,5
32,44397,5
32,45269,5
32,46421,5
32,46482,5
32,47411,3
32,47800,4
32,48559,5
32,48687,5
32,51460,4
32,51480,1
32,51838,4
32,52036,4
33,439,3
33,588,3
33,1169,3
33,1952,4
33,2324,4
33,3087,4
33,3739,4
33,3922,4
33,4536,3
33,5115,3
33,5461,4
33,6063,3
33,6342,4
33,6630,4
33,7001,4
33,8167,3
33,8370,5
33,9246,4
33,9731,4
33,10111,5
33,10140,3
33,10246,4
33,11692,4
33,11868,4
33,11927,5
33,11945,5
33,11999,2
33,12381,3
33,12874,4
33,12946,5
33,13282,2
33,13794,1
33,13991,4
33,14603,4
33,16569,3
33,16913,1
33,17566,5
33,17984,4
33,18031,5
33,18313,5
33,18361,4
33,19724,5
33,19942,4
33,20467,3
33,21487,4
33,21676,5
33,21733,3
33,22164,3
33,22602,3
33,23303,4
33,23576,4
33,23612,4
33,24326,4
33,24499,3
33,24834,5
33,25182,5
33,25278,5
33,27499,5
33,27934,2
33,28767,3
33,29703,5
33,30681,5
33,30794,3
33,32305,3
33,32635,3
33,32748,3
33,32918,5
33,32923,5
33,33065,3
33,33716,5
33,33890,3
33,37834,4
33,42404,4
33,42574,2
33,42810,3
33,43622,3
33,44397,4
33,45493,2
33,45554,4
33,46482,5
33,47411,3
33,47730,5
33,47800,5
33,48482,3
33,48559,3
33,48687,5
33,49288,5
33,49289,5
33,49295,5
33,49297,5
33,50096,5
33,50101,5
33,50104,5
33,50133,5
33,51166,5
33,51460,5
33,51480,2
33,51838,4
33,53245,4
33,53292,5
34,173,1
34,368,4
34,1136,3
34,2665,5
34,3087,2
34,3662,1
34,4821,1
34,7563,2
34,7979,3
34,8060,1
34,8669,2
34,11927,3
34,13163,5
34,13282,1
34,13580,1
34,16403,5
34,17405,4
34,17832,3
34,18199,3
34,18957,3
34,19191,2
34,19668,3
34,19724,3
34,19942,3
34,20363,3
34,20467,1
34,21228,4
34,22313,5
34,22368,5
34,22602,4
34,23612,1
34,24567,2
34,25030,5
34,26097,1
34,26097,1
34,26146,1
34,26800,2
34,27027,1
34,27267,5
34,27585,4
34,27612,1
34,28767,3
34,28803,1
34,29353,3
34,29732,4
34,30313,4
34,30601,4
34,30681,4
34,30833,3
34,31198,1
34,31305,1
34,32055,2
34,32490,1
34,32576,2
34,32918,5
34,32923,1
34,33065,1
34,33119,3
34,33357,1
34,33716,1
34,35259,3
34,36240,3
34,36695,2
34,37035,1
34,37041,3
34,37153,2
34,38687,1
34,39032,2
34,39618,4
34,39933,4
34,40167,5
34,41062,1
34,41282,5
34,41744,3
34,42404,2
34,43039,1
34,43602,3
34,44397,3
34,45498,3
34,46479,3
34,47746,2
34,48297,1
34,48389,2
34,49288,5
34,49289,5
34,49295,5
34,49297,5
34,49514,2
34,49830,5
34,50101,5
34,50102,5
34,50104,5
34,50133,5
34,50593,3
34,51166,3
34,51452,1
34,52036,1
34,52469,5
34,52583,1
34,52740,2
35,314,4
35,439,3
35,588,4
35,1169,1
35,1952,5
35,3087,5
35,3641,1
35,3922,5
35,5115,3
35,5379,5
35,5461,4
35,6063,2
35,6252,5
35,6342,4
35,7001,4
35,7563,3
35,8370,1
35,8440,2
35,8484,3
35,9246,2
35,9722,3
35,10140,4
35,10402,4
35,11285,3
35,11691,3
35,11927,3
35,12381,1
35,12946,4
35,13282,4
35,13360,3
35,13378,5
35,13544,3
35,13991,4
35,14192,2
35,14248,3
35,14603,2
35,15494,3
35,15748,1
35,16177,2
35,16913,3
35,17228,3
35,17242,3
35,17434,3
35,18031,4
35,18798,3
35,19526,5
35,19942,5
35,20076,4
35,21487,5
35,21713,5
35,21733,5
35,23576,1
35,23612,5
35,24389,4
35,24834,4
35,24845,5
35,26097,4
35,26398,4
35,26579,4
35,27027,2
35,27499,5
35,27612,5
35,29703,3
35,30313,5
35,30871,5
35,31001,3
35,33065,5
35,34688,5
35,36099,4
35,37284,4
35,37690,2
35,37834,5
35,38080,4
35,40126,2
35,40490,4
35,42508,4
35,42574,4
35,42810,2
35,43602,4
35,44243,3
35,44397,4
35,45554,3
35,46482,5
35,46977,3
35,47476,2
35,48482,3
35,48559,2
35,49288,5
35,49289,5
35,49295,5
35,49297,5
35,50096,5
35,50101,5
35,50102,5
35,50104,5
35,50133,5
35,51166,3
35,51838,3
35,52036,3
35,53292,5
36,314,4
36,1169,5
36,3114,4
36,3922,5
36,5115,3
36,5645,4
36,6630,4
36,7001,4
36,8167,4
36,8440,4
36,8454,5
36,8484,5
36,8669,4
36,10111,3
36,10140,4
36,10249,3
36,10610,4
36,10944,2
36,11854,4
36,11927,4
36,12381,4
36,12471,5
36,14192,1
36,14207,5
36,14222,5
36,14372,3
36,14546,5
36,15494,4
36,15604,3
36,16569,3
36,16576,5
36,16913,4
36,17105,4
36,17434,5
36,17663,5
36,17984,3
36,18361,4
36,19171,5
36,20406,4
36,20848,5
36,21228,3
36,21724,5
36,21733,5
36,22243,5
36,22534,5
36,23576,5
36,24834,5
36,24845,5
36,25164,5
36,25182,4
36,26097,4
36,26244,4
36,26282,4
36,26718,4
36,28767,4
36,28824,3
36,28831,4
36,29123,3
36,29689,4
36,30313,4
36,31001,4
36,32419,5
36,32635,5
36,32748,5
36,32923,4
36,33716,3
36,33872,5
36,34688,5
36,35982,4
36,36099,5
36,37284,2
36,37690,3
36,37834,5
36,37855,4
36,38082,5
36,40468,4
36,42404,3
36,43985,4
36,44243,3
36,45493,5
36,45811,5
36,46139,5
36,46482,5
36,47746,5
36,47800,5
36,48482,3
36,49288,5
36,49289,5
36,49295,5
36,49297,5
36,49298,5
36,50096,5
36,50101,5
36,50102,5
36,50104,5
36,50133,5
36,51166,5
36,51762,5
36,51838,5
36,53292,5
37,588,3
37,951,5
37,1169,5
37,2487,3
37,2900,5
37,3662,4
37,3739,4
37,3922,5
37,4606,3
37,5272,5
37,5436,5
37,5461,4
37,5885,5
37,6063,3
37,8167,3
37,8178,3
37,8484,3
37,8579,3
37,8710,4
37,9246,2
37,9668,4
37,10111,4
37,10140,4
37,10146,4
37,10249,5
37,10335,5
37,10751,4
37,11272,3
37,11285,4
37,11408,3
37,11691,3
37,11868,1
37,11999,3
37,12381,3
37,12466,4
37,12471,4
37,12476,4
37,12874,4
37,13776,3
37,14192,5
37,14372,4
37,15494,3
37,15604,5
37,16569,4
37,16913,5
37,17643,2
37,17663,5
37,18100,4
37,18313,5
37,19942,4
37,21217,4
37,21228,4
37,21487,4
37,21676,5
37,21733,2
37,22602,3
37,23303,3
37,24326,5
37,25164,4
37,25182,5
37,25840,5
37,26629,5
37,26718,4
37,27499,5
37,28767,5
37,29703,5
37,29819,1
37,30184,5
37,30681,4
37,30794,4
37,30944,5
37,32055,3
37,32305,5
37,32635,3
37,32748,5
37,33697,5
37,33872,5
37,34688,3
37,36099,5
37,37284,4
37,37834,5
37,38082,5
37,38798,3
37,40126,3
37,41074,4
37,42810,3
37,43622,5
37,43985,5
37,45269,4
37,45554,5
37,46139,3
37,47476,4
37,47800,5
37,48482,3
37,48559,5
37,48687,5
37,49298,5
37,50999,3
37,51460,4
37,53292,5
38,439,4
38,1169,3
38,1952,4
38,3087,3
38,3641,1
38,3922,5
38,4536,2
38,5115,3
38,5436,5
38,5461,5
38,5885,5
38,6063,4
38,6252,1
38,6342,3
38,7001,4
38,9246,3
38,9804,2
38,10140,3
38,10249,5
38,10402,4
38,10509,4
38,10727,5
38,10751,3
38,11285,3
38,11408,5
38,11599,5
38,11691,5
38,11692,4
38,11854,4
38,11945,5
38,12381,3
38,12471,1
38,12946,5
38,13282,5
38,13360,4
38,13378,4
38,13991,4
38,14222,4
38,14603,4
38,15748,1
38,16177,5
38,16377,5
38,16569,4
38,17228,5
38,17566,4
38,18031,4
38,18313,5
38,18361,4
38,18857,4
38,19171,2
38,19724,5
38,19729,4
38,19984,5
38,20848,4
38,21676,5
38,22534,5
38,22602,4
38,23576,3
38,23612,2
38,24326,4
38,24389,3
38,24834,5
38,24845,4
38,25048,4
38,26244,2
38,26282,5
38,26398,5
38,26661,3
38,28158,5
38,28767,3
38,28824,1
38,29123,3
38,29703,4
38,30313,4
38,30794,4
38,31198,4
38,31198,5
38,31852,4
38,32055,4
38,32305,4
38,32419,3
38,32748,5
38,32918,5
38,32923,3
38,33716,4
38,35982,3
38,36099,4
38,38080,4
38,42508,4
38,42574,4
38,43985,1
38,46977,4
38,47730,5
38,47746,4
38,48687,5
38,51166,5
38,51460,4
38,51480,3
38,51762,5
38,52036,2
39,314,3
39,725,4
39,951,5
39,1088,4
39,1185,3
39,1350,5
39,2077,5
39,2171,4
39,3022,5
39,3662,5
39,3922,5
39,5272,5
39,5885,4
39,6252,4
39,6698,5
39,8454,5
39,8669,3
39,9011,4
39,9722,4
39,9843,5
39,10246,5
39,11239,4
39,11837,4
39,11927,5
39,12455,1
39,12471,5
39,12476,5
39,13000,5
39,13360,1
39,14235,5
39,14285,5
39,14936,5
39,15318,3
39,15494,4
39,16177,2
39,16377,1
39,17105,5
39,17643,5
39,18100,5
39,18361,5
39,18550,5
39,19191,4
39,19668,5
39,20076,3
39,21543,4
39,21733,4
39,22534,4
39,23303,4
39,23576,4
39,24326,5
39,24499,4
39,25164,4
39,26282,5
39,26398,5
39,27027,4
39,27612,5
39,28158,5
39,30601,5
39,30944,4
39,32576,5
39,32592,5
39,32745,5
39,32748,5
39,32918,5
39,33207,5
39,33697,5
39,33890,2
39,34688,4
39,35259,5
39,35982,4
39,36099,5
39,36695,5
39,37284,5
39,37690,5
39,37834,5
39,38687,4
39,40126,4
39,43300,5
39,45269,5
39,46139,5
39,48007,5
39,48297,3
39,48482,4
39,48687,5
39,48822,5
39,49288,5
39,49289,5
39,49295,5
39,49297,5
39,49382,5
39,50096,5
39,50101,5
39,50102,5
39,50133,5
39,50342,4
39,51166,4
39,51452,5
39,52036,4
39,52469,5
39,53292,5
40,439,1
40,588,3
40,725,4
40,2900,2
40,3005,2
40,3087,3
40,4536,3
40,5379,3
40,5885,2
40,6025,4
40,6342,3
40,6630,5
40,7001,4
40,7225,3
40,7979,4
40,8440,4
40,8484,5
40,8510,2
40,8612,3
40,9165,3
40,9771,5
40,9804,4
40,10246,2
40,10727,5
40,11545,2
40,11692,5
40,11927,1
40,11945,5
40,11999,2
40,12946,5
40,13282,3
40,13879,3
40,13991,3
40,14136,3
40,14248,3
40,15748,1
40,15935,5
40,16377,3
40,16576,3
40,16913,1
40,17434,1
40,17883,3
40,17984,4
40,18313,5
40,18361,4
40,18857,4
40,19171,5
40,19191,4
40,19668,3
40,19942,3
40,20467,3
40,20848,4
40,21676,4
40,21724,1
40,21781,3
40,22164,1
40,23576,1
40,23612,4
40,24389,4
40,26629,3
40,27027,5
40,27499,5
40,27612,4
40,28767,3
40,29732,4
40,29951,1
40,30233,5
40,31198,2
40,32055,3
40,32490,2
40,32592,2
40,33065,3
40,33872,3
40,34688,2
40,37834,2
40,40167,5
40,41282,5
40,41997,4
40,43037,4
40,44397,4
40,45498,3
40,45811,4
40,46147,4
40,46977,2
40,47730,4
40,48440,5
40,48559,4
40,49288,5
40,49289,5
40,49295,5
40,49297,5
40,50096,5
40,50101,5
40,50102,5
40,50104,5
40,50133,5
40,51166,4
40,51460,2
40,51480,1
40,51838,4
41,314,4
41,588,3
41,1136,3
41,2077,4
41,2487,3
41,3114,4
41,3662,4
41,5115,3
41,5379,3
41,6063,5
41,6323,3
41,6630,5
41,8388,4
41,8510,2
41,8669,4
41,10087,3
41,10140,3
41,10146,3
41,10249,5
41,10662,3
41,10792,5
41,11527,3
41,11927,5
41,12002,3
41,12471,2
41,12476,2
41,12946,3
41,13189,2
41,13282,3
41,13360,4
41,14285,2
41,16177,2
41,16576,4
41,16913,3
41,17663,5
41,18031,3
41,18053,4
41,18316,5
41,19729,4
41,19942,5
41,19984,5
41,21228,4
41,21713,1
41,21724,3
41,23603,3
41,24389,5
41,24499,4
41,24582,4
41,27267,5
41,28158,4
41,28767,3
41,29155,2
41,29644,5
41,29703,5
41,30283,5
41,30601,3
41,30681,5
41,30879,2
41,30944,5
41,31305,1
41,32055,3
41,32923,4
41,33697,4
41,33716,4
41,34531,3
41,35259,4
41,35326,3
41,35780,4
41,36099,5
41,36695,3
41,37035,5
41,37153,4
41,38082,4
41,40251,3
41,40490,4
41,40566,5
41,43300,4
41,43602,5
41,43985,4
41,45269,3
41,45493,5
41,46139,3
41,48291,4
41,48297,4
41,48687,5
41,49288,5
41,49289,5
41,49295,5
41,49297,5
41,49382,5
41,49830,5
41,50593,2
41,51166,4
41,51460,4
41,52036,1
41,52740,4
41,52929,4
41,53145,5
41,53292,5
41,53293,5
42,1169,4
42,1952,5
42,3087,3
42,3662,5
42,3922,5
42,4536,5
42,5115,5
42,5461,4
42,5885,4
42,6063,4
42,6342,5
42,7001,4
42,8167,4
42,9246,2
42,9731,3
42,9771,5
42,10140,4
42,11285,5
42,11692,5
42,11927,4
42,11945,5
42,11999,3
42,12381,4
42,12874,4
42,12946,5
42,13282,4
42,13776,4
42,13794,3
42,14192,5
42,15494,5
42,15547,5
42,15604,4
42,16569,5
42,17228,5
42,17434,5
42,17566,4
42,17643,1
42,18313,4
42,18798,3
42,18857,5
42,19724,4
42,19729,3
42,19942,5
42,20967,5
42,21217,3
42,21228,5
42,21487,3
42,21676,5
42,21733,4
42,22602,3
42,23303,4
42,23576,4
42,23612,4
42,24326,3
42,24499,3
42,25164,3
42,25182,4
42,25840,5
42,26145,4
42,26244,5
42,26629,4
42,26661,5
42,27499,5
42,27834,3
42,28767,4
42,28824,3
42,29703,5
42,30184,5
42,30601,5
42,30681,5
42,30794,3
42,32305,4
42,32419,3
42,32592,3
42,32923,5
42,33065,4
42,33716,4
42,33872,5
42,35146,5
42,35259,5
42,36099,3
42,36695,5
42,37284,3
42,38475,3
42,38798,3
42,39423,2
42,42404,5
42,43622,4
42,43985,4
42,44397,4
42,45493,3
42,45554,5
42,46139,4
42,47800,5
42,48687,5
42,49298,4
42,51480,4
42,51762,5
42,52036,5
42,53292,5
43,951,5
43,1169,5
43,2900,4
43,3662,5
43,3922,4
43,4536,3
43,5115,4
43,5272,3
43,5461,4
43,6063,3
43,6342,4
43,6630,2
43,7001,3
43,8167,2
43,8370,5
43,8484,3
43,8510,5
43,9246,2
43,9731,3
43,10140,3
43,10249,3
43,10509,2
43,10610,5
43,10944,4
43,11285,3
43,11692,4
43,11854,3
43,11868,5
43,12455,2
43,12471,4
43,12874,4
43,12946,5
43,13034,5
43,13282,5
43,13794,4
43,13991,4
43,14192,3
43,14248,5
43,14603,4
43,15547,2
43,15604,4
43,17228,5
43,17434,4
43,17643,1
43,17984,5
43,18313,4
43,19526,5
43,19729,5
43,19942,4
43,20406,3
43,20967,5
43,21217,4
43,21228,4
43,21487,4
43,21676,5
43,21733,3
43,22602,5
43,23576,3
43,23612,4
43,24326,5
43,24499,4
43,25164,4
43,25182,5
43,25840,5
43,26145,4
43,26629,4
43,26661,5
43,26718,4
43,27499,4
43,27834,4
43,28767,5
43,29703,5
43,30681,2
43,30794,3
43,32055,4
43,32338,4
43,32748,4
43,33065,4
43,33872,3
43,39423,5
43,42404,5
43,42574,4
43,45554,5
43,46421,5
43,47411,4
43,47800,5
43,48559,5
43,48687,5
43,49288,5
43,49289,5
43,49295,5
43,49297,5
43,49298,5
43,50096,5
43,50101,5
43,50102,5
43,50133,5
43,51480,1
43,51838,4
43,52036,5
44,314,3
44,1088,1
44,2077,3
44,2487,2
44,2900,1
44,3662,4
44,4536,3
44,5885,5
44,6342,3
44,7001,4
44,7563,3
44,7979,4
44,8484,5
44,9731,3
44,9804,2
44,10111,2
44,10249,4
44,10509,4
44,10944,3
44,11239,1
44,11408,3
44,11854,5
44,11927,4
44,11945,2
44,11999,2
44,12471,1
44,12874,4
44,12946,3
44,13034,4
44,13282,5
44,13776,4
44,13879,2
44,13991,5
44,14136,2
44,14248,3
44,15748,1
44,16177,5
44,16377,1
44,17242,3
44,17566,3
44,18313,5
44,18798,2
44,18857,3
44,19668,4
44,19724,5
44,19942,3
44,19984,5
44,20076,3
44,20363,2
44,21217,3
44,21228,3
44,21676,4
44,21724,1
44,21781,3
44,22243,5
44,22602,3
44,23612,4
44,25048,1
44,25164,3
44,25278,4
44,26097,4
44,26661,4
44,26883,5
44,27267,5
44,28767,2
44,29123,3
44,29703,5
44,30601,5
44,30794,3
44,32033,5
44,32305,3
44,32576,4
44,32923,2
44,33065,1
44,34083,1
44,35146,3
44,36099,4
44,36695,3
44,37690,1
44,37834,4
44,38080,2
44,38798,3
44,40167,4
44,42508,5
44,43037,3
44,43602,2
44,44397,4
44,44496,1
44,45554,1
44,46139,3
44,47800,2
44,48559,4
44,48687,5
44,49382,5
44,51166,4
44,51452,1
44,51838,4
44,52036,3
44,52583,5
44,53293,5
45,439,3
45,588,4
45,3087,5
45,3922,4
45,4536,2
45,6063,3
45,6634,3
45,7001,5
45,8167,4
45,8484,2
45,8669,4
45,8710,5
45,9244,5
45,9771,5
45,10111,4
45,10140,4
45,10509,3
45,10727,4
45,10944,3
45,11408,4
45,11445,5
45,11569,4
45,11599,5
45,11691,5
45,11692,3
45,11927,5
45,11945,5
45,11999,3
45,12381,3
45,12946,4
45,13407,5
45,14248,3
45,14372,5
45,14546,5
45,14603,1
45,15547,2
45,16377,5
45,16913,4
45,17434,4
45,17984,4
45,18031,5
45,18313,5
45,18361,4
45,19526,5
45,19729,4
45,20967,4
45,21217,4
45,21733,4
45,22602,4
45,23303,4
45,23576,4
45,23612,4
45,24326,3
45,24499,5
45,24834,5
45,25214,5
45,26244,4
45,26398,4
45,26579,3
45,26661,2
45,28767,5
45,28824,1
45,29703,4
45,30313,4
45,30601,4
45,30794,3
45,30944,4
45,31001,5
45,32305,5
45,32592,4
45,32635,4
45,32748,5
45,32918,4
45,32923,3
45,33065,5
45,33716,5
45,36695,3
45,37834,4
45,38080,5
45,39423,3
45,41318,4
45,42574,4
45,42810,3
45,43985,4
45,44397,5
45,45269,2
45,45554,4
45,46482,5
45,46977,1
45,47746,4
45,48482,4
45,48559,4
45,48687,5
45,50104,5
45,50342,4
45,51166,4
45,51480,1
45,51762,3
45,51838,4
45,52036,3
46,314,4
46,439,4
46,588,5
46,2077,4
46,3087,3
46,4536,2
46,5115,4
46,5436,5
46,5461,3
46,5629,4
46,5885,4
46,6063,5
46,6252,2
46,6342,5
46,6630,4
46,7001,4
46,8370,5
46,8579,5
46,9011,2
46,9244,3
46,9668,1
46,9722,3
46,10111,4
46,10249,3
46,10509,5
46,10727,4
46,10944,5
46,11239,5
46,11285,5
46,11599,4
46,11691,5
46,11692,4
46,11854,4
46,12946,4
46,13034,3
46,13407,3
46,13544,4
46,13991,5
46,14546,3
46,14603,4
46,15604,4
46,16177,4
46,16377,5
46,16569,2
46,16913,4
46,17663,5
46,17984,2
46,18031,5
46,18313,5
46,18361,4
46,18798,3
46,19526,4
46,19724,5
46,19729,3
46,20848,4
46,21217,3
46,21228,2
46,21676,5
46,21713,5
46,21733,3
46,22602,3
46,23303,3
46,23576,3
46,23612,4
46,24326,4
46,24499,3
46,24834,5
46,25164,3
46,26244,5
46,26398,4
46,26579,3
46,26661,4
46,28158,4
46,28767,4
46,29689,5
46,29703,2
46,30313,3
46,31001,3
46,31198,5
46,32592,4
46,32748,4
46,32923,3
46,33716,5
46,33890,4
46,36099,5
46,36240,3
46,37834,3
46,38080,5
46,42404,5
46,42574,3
46,44397,5
46,46482,3
46,47411,5
46,47730,5
46,47800,4
46,48687,5
46,51166,4
46,51460,4
46,51762,5
46,51838,4
47,314,5
47,588,4
47,1088,5
47,1169,4
47,1677,4
47,2324,5
47,3114,5
47,3641,5
47,5115,3
47,5379,5
47,5461,4
47,6252,5
47,7001,5
47,7563,5
47,8440,5
47,9246,4
47,9668,4
47,10111,4
47,10140,5
47,10249,3
47,10509,5
47,11599,5
47,11691,3
47,11692,5
47,11854,5
47,11927,3
47,12946,5
47,13274,4
47,13282,5
47,13991,4
47,14222,5
47,16569,5
47,17105,4
47,17434,5
47,17663,5
47,17984,5
47,18031,5
47,18361,5
47,18857,5
47,19191,5
47,19191,5
47,19724,3
47,19984,5
47,20967,2
47,21228,5
47,21724,5
47,22534,3
47,23576,4
47,23612,4
47,24326,4
47,26244,4
47,26398,4
47,26579,3
47,26661,3
47,28767,3
47,28824,3
47,28831,5
47,29031,5
47,29689,5
47,29703,4
47,30313,5
47,32055,3
47,32576,4
47,32635,5
47,32923,3
47,33890,4
47,34688,4
47,35259,4
47,35780,5
47,37834,4
47,38080,4
47,38082,3
47,39423,4
47,40490,4
47,42404,5
47,42574,4
47,42810,3
47,43037,5
47,43985,5
47,44397,5
47,45493,4
47,46482,5
47,47730,5
47,47800,5
47,48482,3
47,48687,5
47,49288,5
47,49289,5
47,49295,5
47,49297,5
47,49298,3
47,50101,5
47,50102,5
47,50104,5
47,50133,5
47,51166,4
47,51480,2
47,52036,3
47,53245,4
47,53292,5
48,951,5
48,2900,5
48,3022,4
48,3662,4
48,3739,4
48,4606,4
48,5115,3
48,5272,1
48,5379,4
48,5436,5
48,5461,4
48,5645,5
48,5885,5
48,6063,3
48,6342,5
48,7001,5
48,8178,5
48,8484,4
48,9731,4
48,10111,5
48,10249,3
48,10402,3
48,10509,4
48,10610,5
48,10944,4
48,11285,3
48,11691,5
48,11868,4
48,11927,3
48,11945,4
48,12471,4
48,12874,3
48,12946,5
48,13282,5
48,13407,3
48,13544,3
48,13794,2
48,13991,4
48,14192,3
48,14546,3
48,15604,4
48,16377,5
48,16569,5
48,17566,4
48,19526,5
48,19724,4
48,19729,4
48,20406,5
48,20782,4
48,20848,4
48,21217,4
48,21228,5
48,21713,4
48,21733,4
48,23612,4
48,24499,3
48,24834,5
48,25214,4
48,25840,2
48,26145,3
48,27499,5
48,27834,5
48,27934,3
48,28767,3
48,28824,3
48,29123,4
48,30313,5
48,32305,5
48,32748,5
48,36099,5
48,37284,4
48,37834,4
48,37834,4
48,38475,4
48,39423,3
48,42574,5
48,42810,4
48,43622,5
48,43985,5
48,44397,5
48,45269,3
48,45493,5
48,46421,5
48,46482,5
48,46977,5
48,47800,4
48,48687,5
48,49288,5
48,49289,5
48,49295,5
48,49297,5
48,49298,3
48,50096,5
48,50101,5
48,50104,5
48,50133,5
48,51460,3
48,51480,3
48,51838,4
48,53292,5
49,314,2
49,368,2
49,588,1
49,725,4
49,1677,5
49,2077,2
49,2487,3
49,2900,4
49,3005,5
49,4536,2
49,5115,4
49,5272,4
49,5885,2
49,6025,5
49,6063,5
49,7001,3
49,7152,1
49,8612,3
49,8710,3
49,9011,3
49,9165,3
49,9731,2
49,9804,3
49,10140,3
49,10249,5
49,10256,5
49,10727,3
49,10751,1
49,10792,5
49,11239,4
49,11285,2
49,11408,3
49,11599,4
49,11854,1
49,11927,4
49,11999,3
49,12471,2
49,12476,1
49,12946,4
49,13084,2
49,13189,4
49,13282,4
49,13378,3
49,13794,1
49,13879,3
49,14222,2
49,15020,2
49,15494,4
49,15604,1
49,15645,5
49,16046,2
49,16377,1
49,18031,3
49,18199,5
49,18313,5
49,18316,2
49,18798,4
49,19171,5
49,19191,3
49,19724,3
49,19942,3
49,20076,2
49,20782,4
49,20848,4
49,21228,2
49,21713,3
49,23612,3
49,24567,4
49,24582,2
49,24845,4
49,25164,3
49,26097,3
49,26146,5
49,26629,4
49,26718,3
49,26750,3
49,27267,5
49,27612,5
49,31305,1
49,32033,5
49,32592,4
49,32635,3
49,32918,3
49,35259,3
49,36031,3
49,36099,3
49,37153,4
49,38851,3
49,39452,3
49,39933,4
49,40126,3
49,40251,2
49,41240,3
49,42574,3
49,43602,3
49,48297,1
49,48482,3
49,48687,1
49,49298,1
49,52583,5
50,588,3
50,951,5
50,1169,4
50,1952,5
50,3022,3
50,3114,4
50,3739,4
50,3922,5
50,4536,3
50,5645,4
50,5885,5
50,6063,3
50,6252,5
50,7001,5
50,8167,5
50,8484,5
50,10111,5
50,10140,3
50,11692,5
50,11927,3
50,11945,5
50,12874,4
50,12946,1
50,13095,3
50,13274,3
50,14546,5
50,15748,1
50,17105,4
50,17228,4
50,17434,4
50,17984,5
50,18100,5
50,18313,5
50,18550,5
50,18857,5
50,19171,5
50,19526,4
50,19724,5
50,19729,3
50,20406,4
50,20848,5
50,21217,4
50,21228,3
50,21724,5
50,21733,3
50,23612,5
50,24499,3
50,24834,5
50,25048,5
50,25164,4
50,25214,5
50,26097,4
50,26145,4
50,26244,3
50,28767,4
50,29031,5
50,29123,2
50,30283,5
50,30871,5
50,30944,4
50,31001,5
50,31198,5
50,32419,5
50,32635,4
50,33065,4
50,33147,4
50,33455,5
50,33697,4
50,33716,4
50,33864,5
50,33890,5
50,35259,5
50,36099,5
50,36240,5
50,37746,2
50,38475,4
50,38798,3
50,40468,4
50,42574,4
50,43622,4
50,44397,5
50,45269,4
50,45493,5
50,45554,5
50,46977,4
50,47411,5
50,47478,2
50,47800,5
50,48559,3
50,49288,5
50,49295,5
50,49297,5
50,50096,5
50,50101,5
50,50102,5
50,50104,5
50,50133,5
50,51166,5
50,51762,5
50,53292,5